{
    "all2all_size_2_2MB_time": 0.29475438594818115,
    "all2all_size_4_2MB_time": 0.4202563762664795,
    "all2all_size_8_2MB_time": 0.648320198059082
}