{
    "layernum[1]_bsz1_seq4096": 46.234428787231444,
    "layernum[1]_bsz1_seq8192": 91.91845703125,
    "layernum[1]_bsz1_seq12288": 141.89130401611328,
    "layernum[1]_bsz1_seq16384": 196.19940185546875,
    "layernum[1]_bsz1_seq20480": 256.6312622070312,
    "layernum[1]_bsz1_seq24576": 320.253759765625,
    "layernum[1]_bsz1_seq28672": 389.4723297119141,
    "layernum[1]_bsz1_seq32768": 463.38439025878904,
    "layernum[2]_bsz1_seq4096": 76.99827499389649,
    "layernum[2]_bsz1_seq8192": 157.94319763183594,
    "layernum[2]_bsz1_seq12288": 247.21190185546874,
    "layernum[2]_bsz1_seq16384": 345.8834625244141,
    "layernum[2]_bsz1_seq20480": 455.26513671875,
    "layernum[2]_bsz1_seq24576": 573.4416015625,
    "layernum[2]_bsz1_seq28672": 698.9074035644531,
    "layernum[2]_bsz1_seq32768": 835.1710144042969,
    "layertype_0_bsz1_seq4096": 30.763846206665043,
    "layertype_other_bsz1_seq4096": 15.4705825805664,
    "layertype_0_bsz1_seq8192": 66.02474060058594,
    "layertype_other_bsz1_seq8192": 25.893716430664057,
    "layertype_0_bsz1_seq12288": 105.32059783935546,
    "layertype_other_bsz1_seq12288": 36.570706176757824,
    "layertype_0_bsz1_seq16384": 149.68406066894534,
    "layertype_other_bsz1_seq16384": 46.515341186523415,
    "layertype_0_bsz1_seq20480": 198.63387451171877,
    "layertype_other_bsz1_seq20480": 57.997387695312455,
    "layertype_0_bsz1_seq24576": 253.18784179687498,
    "layertype_other_bsz1_seq24576": 67.06591796875,
    "layertype_0_bsz1_seq28672": 309.43507385253906,
    "layertype_other_bsz1_seq28672": 80.03725585937502,
    "layertype_0_bsz1_seq32768": 371.78662414550786,
    "layertype_other_bsz1_seq32768": 91.59776611328118
}