{
    "pp_size_2": 25.583038330078125,
    "pp_size_4": 22.981237411499023,
    "pp_size_8": 23.70175552368164,
    "pp_size_16": 32.91275405883789,
    "pp_size_32": 25.817501068115234,
    "pp_size_64": 33.16233825683594
}