{
    "allreduce_size_64_1024MB_time": 15.281412124633789,
    "allreduce_size_64_512MB_time": 7.814388275146484,
    "allreduce_size_64_256MB_time": 4.411067962646484,
    "allreduce_size_64_128MB_time": 2.2549970149993896,
    "allreduce_size_64_64MB_time": 1.1934367418289185,
    "allreduce_size_64_32MB_time": 0.7357122302055359,
    "allreduce_size_64_16MB_time": 0.4114874303340912,
    "allreduce_size_64_8MB_time": 0.30477210879325867,
    "allreduce_size_64_4MB_time": 0.26423776149749756,
    "allreduce_size_64_2MB_time": 0.241822749376297,
    "allreduce_size_64_1MB_time": 0.17200744152069092,
    "allreduce_size_32_1024MB_time": 15.284570693969727,
    "allreduce_size_32_512MB_time": 7.8524088859558105,
    "allreduce_size_32_256MB_time": 4.2288408279418945,
    "allreduce_size_32_128MB_time": 2.6242575645446777,
    "allreduce_size_32_64MB_time": 1.2471716403961182,
    "allreduce_size_32_32MB_time": 0.6797266602516174,
    "allreduce_size_32_16MB_time": 0.3992856740951538,
    "allreduce_size_32_8MB_time": 0.27612805366516113,
    "allreduce_size_32_4MB_time": 0.22914114594459534,
    "allreduce_size_32_2MB_time": 0.1696057915687561,
    "allreduce_size_32_1MB_time": 0.1417291760444641,
    "allreduce_size_16_1024MB_time": 11.890754699707031,
    "allreduce_size_16_512MB_time": 6.974999904632568,
    "allreduce_size_16_256MB_time": 3.3616960048675537,
    "allreduce_size_16_128MB_time": 1.873638391494751,
    "allreduce_size_16_64MB_time": 1.2258739471435547,
    "allreduce_size_16_32MB_time": 0.6131302118301392,
    "allreduce_size_16_16MB_time": 0.36035627126693726,
    "allreduce_size_16_8MB_time": 0.23163007199764252,
    "allreduce_size_16_4MB_time": 0.1636863350868225,
    "allreduce_size_16_2MB_time": 0.13011939823627472,
    "allreduce_size_16_1MB_time": 0.14606836438179016,
    "all2all_size_64_1024MB_time": 42.65634536743164,
    "all2all_size_64_512MB_time": 14.80465316772461,
    "all2all_size_64_256MB_time": 11.0886869430542,
    "all2all_size_64_128MB_time": 6.828975677490234,
    "all2all_size_64_64MB_time": 9.205405235290527,
    "all2all_size_64_32MB_time": 8.896146774291992,
    "all2all_size_64_16MB_time": 7.919538974761963,
    "allreduce_size_8_1024MB_time": 11.1015625,
    "allreduce_size_8_512MB_time": 6.364322662353516,
    "allreduce_size_8_256MB_time": 3.115161895751953,
    "allreduce_size_8_128MB_time": 1.478789210319519,
    "allreduce_size_8_64MB_time": 0.9201057553291321,
    "allreduce_size_8_32MB_time": 0.5091671943664551,
    "allreduce_size_8_16MB_time": 0.24772241711616516,
    "allreduce_size_8_8MB_time": 0.13852109014987946,
    "allreduce_size_8_4MB_time": 0.1234106719493866,
    "allreduce_size_8_2MB_time": 0.0908552035689354,
    "allreduce_size_8_1MB_time": 0.10830572247505188,
    "allreduce_size_4_1024MB_time": 11.120312690734863,
    "allreduce_size_4_512MB_time": 5.058854103088379,
    "allreduce_size_4_256MB_time": 2.9739489555358887,
    "allreduce_size_4_128MB_time": 1.090958833694458,
    "allreduce_size_4_64MB_time": 0.5867208242416382,
    "allreduce_size_4_32MB_time": 0.4482869803905487,
    "allreduce_size_4_16MB_time": 0.19600053131580353,
    "allreduce_size_4_8MB_time": 0.16967865824699402,
    "allreduce_size_4_4MB_time": 0.09756771475076675,
    "allreduce_size_4_2MB_time": 0.08603489398956299,
    "allreduce_size_4_1MB_time": 0.0758427083492279,
    "allreduce_size_2_1024MB_time": 3.3270833492279053,
    "allreduce_size_2_512MB_time": 3.018533229827881,
    "allreduce_size_2_256MB_time": 0.8755542039871216,
    "allreduce_size_2_128MB_time": 0.8555458188056946,
    "allreduce_size_2_64MB_time": 0.3821260333061218,
    "allreduce_size_2_32MB_time": 0.17890208959579468,
    "allreduce_size_2_16MB_time": 0.14606457948684692,
    "allreduce_size_2_8MB_time": 0.06506979465484619,
    "allreduce_size_2_4MB_time": 0.06909479200839996,
    "allreduce_size_2_2MB_time": 0.07074479013681412,
    "allreduce_size_2_1MB_time": 0.04844479262828827,
    "all2all_size_8_1024MB_time": 3.6647462844848633,
    "all2all_size_8_512MB_time": 3.6778948307037354,
    "all2all_size_8_256MB_time": 1.1047885417938232,
    "all2all_size_8_128MB_time": 0.7662638425827026,
    "all2all_size_8_64MB_time": 0.49264299869537354,
    "all2all_size_8_32MB_time": 0.3974806070327759,
    "all2all_size_8_16MB_time": 0.3288828134536743,
    "all2all_size_8_8MB_time": 0.20204581320285797,
    "all2all_size_8_4MB_time": 0.1353292018175125,
    "all2all_size_8_2MB_time": 0.09810259938240051,
    "all2all_size_8_1MB_time": 0.07001199573278427,
    "all2all_size_4_1024MB_time": 3.4637627601623535,
    "all2all_size_4_512MB_time": 1.5649076700210571,
    "all2all_size_4_256MB_time": 0.9253507852554321,
    "all2all_size_4_128MB_time": 0.6172955632209778,
    "all2all_size_4_64MB_time": 0.44281917810440063,
    "all2all_size_4_32MB_time": 0.3304651975631714,
    "all2all_size_4_16MB_time": 0.2872703969478607,
    "all2all_size_4_8MB_time": 0.17465120553970337,
    "all2all_size_4_4MB_time": 0.11655199527740479,
    "all2all_size_4_2MB_time": 0.08580639958381653,
    "all2all_size_4_1MB_time": 0.0680575966835022,
    "all2all_size_2_1024MB_time": 1.9589295387268066,
    "all2all_size_2_512MB_time": 1.2308744192123413,
    "all2all_size_2_256MB_time": 0.6971039772033691,
    "all2all_size_2_128MB_time": 0.492821604013443,
    "all2all_size_2_64MB_time": 0.414628803730011,
    "all2all_size_2_32MB_time": 0.2920991778373718,
    "all2all_size_2_16MB_time": 0.24056319892406464,
    "all2all_size_2_8MB_time": 0.15614719688892365,
    "all2all_size_2_4MB_time": 0.09150560200214386,
    "all2all_size_2_2MB_time": 0.07417839765548706,
    "all2all_size_2_1MB_time": 0.06791040301322937
}